qid,alg,N,pred_calls,act_calls,pred_cost,act_cost,calls_err_pct,cost_err_pct
1030303,ext_point_4,100,25.0,25,0.01105,0.011631,0.0,-4.995271257845412
1030303,point,100,100.0,100,0.0263,0.026167,0.0,0.5082737799518522
1030303,quick,100,266.43856189774726,178,0.1016320378696032,0.068379,49.68458533581307,48.6304828523424
1030303,quick_3,100,799.3156856932418,500,0.30489611360880964,0.186763,59.86313713864836,63.25295353405633
1030303,ext_bubble_4,100,250.0,240,0.15191875,0.140054,4.166666666666667,8.471553829237278
1030303,ext_merge_4,100,116.09640474436813,106,0.06872907160866593,0.067385,9.524910136196349,1.9946154317220828
1037496,ext_point_4,100,25.0,25,0.011065,0.011184,0.0,-1.0640200286122972
1037496,point,100,100.0,100,0.02431,0.026451,0.0,-8.094211939057127
1037496,quick,100,266.43856189774726,301,0.08648118515806431,0.098117,-11.482205349585627,-11.859122111291297
1037496,quick_3,100,799.3156856932418,842,0.25944355547419296,0.271372,-5.06939599842734,-4.395606225331665
1037496,ext_bubble_4,100,250.0,240,0.12960624999999998,0.12289,4.166666666666667,5.465253478720791
1037496,ext_merge_4,100,116.09640474436813,107,0.05774879585468543,0.055938,8.50131284520386,3.2371480115224545
1043135,ext_point_4,100,25.0,25,0.009745,0.010639,0.0,-8.403045399003657
1043135,point,100,100.0,100,0.025205,0.025872,0.0,-2.5780766852195325
1043135,quick,100,266.43856189774726,336,0.09413807268971207,0.115416,-20.702808959003793,-18.435855782809952
1043135,quick_3,100,799.3156856932418,750,0.2824142180691362,0.252582,6.5754247590989054,11.8109042089841
1043135,ext_bubble_4,100,250.0,240,0.14945625,0.131499,4.166666666666667,13.655807268496345
1043135,ext_merge_4,100,116.09640474436813,111,0.06453670143734153,0.061171,4.591355625556873,5.502119365943867
1051399,ext_point_4,100,25.0,25,0.0117,0.011171,0.0,4.735475785516067
1051399,point,100,100.0,100,0.025295,0.026135,0.0,-3.214080734647014
1051399,quick,100,266.43856189774726,432,0.09338814841054698,0.149215,-38.324406968114054,-37.413699419932996
1051399,quick_3,100,799.3156856932418,1063,0.2801644452316409,0.359663,-24.805673970532286,-22.10362332749243
1051399,ext_bubble_4,100,250.0,240,0.15936875,0.113946,4.166666666666667,39.86340020711565
1051399,ext_merge_4,100,116.09640474436813,110,0.07623663911546841,0.058672,5.542186131243754,29.93700421916486
1064670,ext_point_4,100,25.0,25,0.013415,0.011554,0.0,16.106975939068718
1064670,point,100,100.0,100,0.025075,0.025834,0.0,-2.9379886970658795
1064670,quick,100,266.43856189774726,271,0.09450270041343703,0.091133,-1.683187491606176,3.697563356234321
1064670,quick_3,100,799.3156856932418,781,0.2835081012403111,0.252627,2.345158219365146,12.223990800789753
1064670,ext_bubble_4,100,250.0,240,0.12825625000000002,0.124588,4.166666666666667,2.9443044273926957
1064670,ext_merge_4,100,116.09640474436813,108,0.05713104077470356,0.055159,7.49667105960012,3.575193122978226
1071750,ext_point_4,100,25.0,25,0.00881,0.01007,0.0,-12.512413108242308
1071750,point,100,100.0,100,0.026075,0.025264,0.0,3.210101329955665
1071750,quick,100,266.43856189774726,351,0.08788822699311992,0.114235,-24.091577806909612,-23.06366088053581
1071750,quick_3,100,799.3156856932418,1041,0.26366468097935974,0.325987,-23.21655276721981,-19.118038148956945
1071750,ext_bubble_4,100,250.0,240,0.12516875,0.117212,4.166666666666667,6.788340784220045
1071750,ext_merge_4,100,116.09640474436813,109,0.05846614942926379,0.054318,6.510463068227642,7.636786018012068
1105792,ext_point_4,100,25.0,25,0.01054,0.010431,0.0,1.044962132106236
1105792,point,100,100.0,100,0.024139999999999998,0.023573,0.0,2.40529419250837
1105792,quick,100,266.43856189774726,121,0.08868747111325799,0.032439,120.19715859317955,173.39767290378245
1105792,quick_3,100,799.3156856932418,335,0.266062413339774,0.089524,138.60169722186322,197.1967442694406
1105792,ext_bubble_4,100,250.0,240,0.13752499999999998,0.117887,4.166666666666667,16.658325345457918
1105792,ext_merge_4,100,116.09640474436813,110,0.06369415384501544,0.058683,5.542186131243754,8.539362072517488
1106979,ext_point_4,100,25.0,25,0.00762,0.00918,0.0,-16.993464052287585
1106979,point,100,100.0,100,0.02642,0.025613,0.0,3.1507437629328803
1106979,quick,100,266.43856189774726,274,0.08584650464345417,0.087155,-2.759648942428006,-1.5013428449840256
1106979,quick_3,100,799.3156856932418,748,0.2575395139303625,0.230989,6.86038578786655,11.494276320674365
1106979,ext_bubble_4,100,250.0,240,0.12769375,0.116181,4.166666666666667,9.909322522615563
1106979,ext_merge_4,100,116.09640474436813,108,0.06027338346311779,0.053602,7.49667105960012,12.446146530199975
1108651,ext_point_4,100,25.0,25,0.012329999999999999,0.010696,0.0,15.276738967838426
1108651,point,100,100.0,100,0.02495,0.025649,0.0,-2.7252524464891486
1108651,quick,100,266.43856189774726,324,0.09211705463489259,0.109108,-17.765875957485413,-15.572593545026406
1108651,quick_3,100,799.3156856932418,803,0.27635116390467773,0.262064,-0.4588187181517074,5.4517842605919595
1108651,ext_bubble_4,100,250.0,240,0.13755625,0.123883,4.166666666666667,11.037228675443764
1108651,ext_merge_4,100,116.09640474436813,107,0.06156979331609656,0.056017,8.50131284520386,9.912693139755014
1109707,ext_point_4,100,25.0,25,0.010679999999999999,0.011823,0.0,-9.667597056584636
1109707,point,100,100.0,100,0.02718,0.02647,0.0,2.682281828485073
1109707,quick,100,266.43856189774726,165,0.10253443990364973,0.058216,61.477916301665005,76.12759362314438
1109707,quick_3,100,799.3156856932418,435,0.3076033197109492,0.14364,83.75073234327397,114.14878843702952
1109707,ext_bubble_4,100,250.0,240,0.15655625,0.139802,4.166666666666667,11.984270611293113
1109707,ext_merge_4,100,116.09640474436813,109,0.07441779544113997,0.063511,6.510463068227642,17.173080948402593
1110678,ext_point_4,100,25.0,25,0.014085,0.01412,0.0,-0.2478753541076509
1110678,point,100,100.0,100,0.031075,0.031285,0.0,-0.6712482020137506
1110678,quick,100,266.43856189774726,325,0.09670609636213652,0.117403,-18.01890403146238,-17.628939326817434
1110678,quick_3,100,799.3156856932418,859,0.2901182890864096,0.297202,-6.948115751659861,-2.383466771283654
1110678,ext_bubble_4,100,250.0,240,0.14845,0.145773,4.166666666666667,1.836416894761022
1110678,ext_merge_4,100,116.09640474436813,108,0.06678445682919777,0.065512,7.49667105960012,1.9423263359350518
1113256,ext_point_4,100,25.0,25,0.00889,0.008676,0.0,2.4665744582757108
1113256,point,100,100.0,100,0.02223,0.022232,0.0,-0.008996041741627074
1113256,quick,100,266.43856189774726,248,0.08287226084508449,0.075364,7.434903991027122,9.962662338894553
1113256,quick_3,100,799.3156856932418,676,0.2486167825352535,0.202841,18.241965339236952,22.56732245219334
1113256,ext_bubble_4,100,250.0,240,0.11375624999999998,0.114834,4.166666666666667,-0.938528658759627
1113256,ext_merge_4,100,116.09640474436813,110,0.05008535484677623,0.051656,5.542186131243754,-3.0405860949817436
1115210,ext_point_4,100,25.0,25,0.014974999999999999,0.01465,0.0,2.2184300341296854
1115210,point,100,100.0,100,0.030899999999999997,0.029172,0.0,5.923488276429442
1115210,quick,100,266.43856189774726,182,0.11635321726647849,0.078398,46.39481422953146,48.413501959844
1115210,quick_3,100,799.3156856932418,476,0.34905965179943543,0.19795,67.92346338093316,76.33728305099038
1115210,ext_bubble_4,100,250.0,240,0.17068125,0.157481,4.166666666666667,8.382122287768047
1115210,ext_merge_4,100,116.09640474436813,106,0.07967115775582263,0.07174,9.524910136196349,11.05541923030755
1116380,ext_point_4,100,25.0,25,0.010865,0.0108,0.0,0.6018518518518433
1116380,point,100,100.0,100,0.025525,0.026549,0.0,-3.8570190967644757
1116380,quick,100,266.43856189774726,149,0.10379304491985243,0.057102,78.81782677701159,81.76779258143748
1116380,quick_3,100,799.3156856932418,423,0.3113791347595573,0.160125,88.96351907641649,94.46003732056664
1116380,ext_bubble_4,100,250.0,240,0.1343125,0.135503,4.166666666666667,-0.8785783340590325
1116380,ext_merge_4,100,116.09640474436813,109,0.06365138148537278,0.060616,6.510463068227642,5.00755821131842
1121353,ext_point_4,100,25.0,25,0.011850000000000001,0.011127,0.0,6.497708277163669
1121353,point,100,100.0,100,0.030225000000000002,0.02792,0.0,8.255730659025794
1121353,quick,100,266.43856189774726,136,0.09713120250352336,0.04693,95.91070727775534,106.97038675372548
1121353,quick_3,100,799.3156856932418,371,0.2913936075105701,0.124713,115.44897188497083,133.65134950692394
1121353,ext_bubble_4,100,250.0,240,0.14484375,0.127045,4.166666666666667,14.009799677279705
1121353,ext_merge_4,100,116.09640474436813,111,0.061827140346613255,0.060224,4.591355625556873,2.661962584041669
1122767,ext_point_4,100,25.0,25,0.009835,0.012161,0.0,-19.126716552915056
1122767,point,100,100.0,100,0.026350000000000002,0.026696,0.0,-1.2960743182499217
1122767,quick,100,266.43856189774726,176,0.09744662813014329,0.062833,51.38554653281094,55.08829457473507
1122767,quick_3,100,799.3156856932418,491,0.2923398843904299,0.163506,62.793418674794665,78.79459126296886
1122767,ext_bubble_4,100,250.0,240,0.14523125,0.134242,4.166666666666667,8.18614889527868
1122767,ext_merge_4,100,116.09640474436813,110,0.06803249318019972,0.066058,5.542186131243754,2.9890296106447516
1127540,ext_point_4,100,25.0,25,0.010889999999999999,0.010545,0.0,3.2716927453769378
1127540,point,100,100.0,100,0.02527,0.026121,0.0,-3.2579150874774996
1127540,quick,100,266.43856189774726,344,0.09286494042811065,0.108145,-22.546929680887423,-14.129233503064732
1127540,quick_3,100,799.3156856932418,800,0.27859482128433194,0.242893,-0.08553928834477631,14.698579738539992
1127540,ext_bubble_4,100,250.0,240,0.131075,0.118529,4.166666666666667,10.584751411047087
1127540,ext_merge_4,100,116.09640474436813,110,0.0609689435020687,0.056385,5.542186131243754,8.129721560820608
1131069,ext_point_4,100,25.0,25,0.01073,0.010338,0.0,3.791835945057071
1131069,point,100,100.0,100,0.022315,0.021462,0.0,3.974466498928353
1131069,quick,100,266.43856189774726,233,0.09325724932001293,0.07392,14.351314119204835,26.15969875542875
1131069,quick_3,100,799.3156856932418,565,0.2797717479600388,0.176698,41.47180277756492,58.333285017396236
1131069,ext_bubble_4,100,250.0,240,0.128925,0.121106,4.166666666666667,6.45632751473916
1131069,ext_merge_4,100,116.09640474436813,117,0.06258757179768885,0.059535,-0.772303637292197,5.127356677061992
1132532,ext_point_4,100,25.0,25,0.0083,0.012187,0.0,-31.89464183145975
1132532,point,100,100.0,100,0.027885,0.028305,0.0,-1.483836777954426
1132532,quick,100,266.43856189774726,240,0.09821432893573627,0.089665,11.016067457394692,9.534744812062986
1132532,quick_3,100,799.3156856932418,712,0.2946429868072088,0.256265,12.263439001859803,14.975898701425777
1132532,ext_bubble_4,100,250.0,240,0.15411249999999999,0.138657,4.166666666666667,11.1465703137959
1132532,ext_merge_4,100,116.09640474436813,107,0.0654074244729243,0.06493,8.50131284520386,0.735291041004622
1133579,ext_point_4,100,25.0,25,0.010100000000000001,0.012097,0.0,-16.508225179796632
1133579,point,100,100.0,100,0.02919,0.029534,0.0,-1.1647592605133086
1133579,quick,100,266.43856189774726,253,0.09365791233852062,0.086903,5.311684544564136,7.772933429824782
1133579,quick_3,100,799.3156856932418,762,0.2809737370155619,0.255923,4.897071613286324,9.788388310375337
1133579,ext_bubble_4,100,250.0,240,0.14560625,0.139129,4.166666666666667,4.6555714480805515
1133579,ext_merge_4,100,116.09640474436813,111,0.07124042015339936,0.065466,4.591355625556873,8.820487204654881
1136043,ext_point_4,100,25.0,25,0.008235,0.008327,0.0,-1.104839678155399
1136043,point,100,100.0,100,0.024765,0.024319,0.0,1.833956988363002
1136043,quick,100,266.43856189774726,454,0.08506297790957709,0.142651,-41.31309209300721,-40.36986918452931
1136043,quick_3,100,799.3156856932418,1016,0.2551889337287313,0.32884,-21.327196290035257,-22.397234603840385
1136043,ext_bubble_4,100,250.0,240,0.128075,0.119476,4.166666666666667,7.197261374669386
1136043,ext_merge_4,100,116.09640474436813,110,0.058414822597692595,0.054111,5.542186131243754,7.953692590587119
1136047,ext_point_4,100,25.0,25,0.01019,0.010164,0.0,0.25580480125934657
1136047,point,100,100.0,100,0.025734999999999997,0.024993,0.0,2.968831272756356
1136047,quick,100,266.43856189774726,320,0.0870079961370152,0.103932,-16.73794940695398,-16.283727690205907
1136047,quick_3,100,799.3156856932418,675,0.26102398841104557,0.217258,18.417138621221007,20.14470740366088
1136047,ext_bubble_4,100,250.0,240,0.12798749999999998,0.117967,4.166666666666667,8.49432468402178
1136047,ext_merge_4,100,116.09640474436813,109,0.05852419763163598,0.055356,6.510463068227642,5.723313880403167
1136962,ext_point_4,100,25.0,25,0.010239999999999999,0.011222,0.0,-8.750668330065945
1136962,point,100,100.0,100,0.02738,0.028876,0.0,-5.180772960243792
1136962,quick,100,266.43856189774726,358,0.08955038679667619,0.122946,-25.57582069895328,-27.162830188313414
1136962,quick_3,100,799.3156856932418,1096,0.26865116039002856,0.37059,-27.069736706821004,-27.50717493995289
1136962,ext_bubble_4,100,250.0,240,0.13769375,0.134343,4.166666666666667,2.4941753571083076
1136962,ext_merge_4,100,116.09640474436813,108,0.06396266921388327,0.062237,7.49667105960012,2.7727384255077707
118440,ext_point_4,100,25.0,25,0.011019999999999999,0.011705,0.0,-5.852199914566438
118440,point,100,100.0,100,0.026955,0.027371,0.0,-1.5198567827262421
118440,quick,100,266.43856189774726,276,0.09903901972256264,0.10104,-3.4642891674828755,-1.9803842809158394
118440,quick_3,100,799.3156856932418,608,0.29711705916768794,0.213244,31.466395673230558,39.33196674592859
118440,ext_bubble_4,100,250.0,240,0.14996874999999998,0.130468,4.166666666666667,14.946768556274321
118440,ext_merge_4,100,116.09640474436813,108,0.0626630344607727,0.061799,7.49667105960012,1.398136637765505
121171,ext_point_4,100,25.0,25,0.011835000000000002,0.0111,0.0,6.621621621621633
121171,point,100,100.0,100,0.028284999999999998,0.029001,0.0,-2.468880383435059
121171,quick,100,266.43856189774726,207,0.08756704078151716,0.06389,28.71428111002283,37.059071500261624
121171,quick_3,100,799.3156856932418,601,0.26270112234455145,0.195067,32.99761825178732,34.672252274629464
121171,ext_bubble_4,100,250.0,240,0.12670625,0.12544,4.166666666666667,1.0094467474489768
121171,ext_merge_4,100,116.09640474436813,108,0.060108913556396595,0.060487,7.49667105960012,-0.6250705831061282
135802,ext_point_4,100,25.0,25,0.01023,0.009866,0.0,3.6894384755726715
135802,point,100,100.0,100,0.024735,0.025386,0.0,-2.5644055778775656
135802,quick,100,266.43856189774726,274,0.09102709224287421,0.087795,-2.759648942428006,3.6814081016848483
135802,quick_3,100,799.3156856932418,766,0.27308127672862265,0.24254,4.349306226271774,12.592263844571056
135802,ext_bubble_4,100,250.0,240,0.13255,0.125741,4.166666666666667,5.415099291400585
135802,ext_merge_4,100,116.09640474436813,108,0.059196945745444124,0.05631,7.49667105960012,5.126879320625333
141630,ext_point_4,100,25.0,25,0.009855000000000001,0.009489,0.0,3.8570976920645146
141630,point,100,100.0,100,0.032085,0.03148,0.0,1.921855146124528
141630,quick,100,266.43856189774726,152,0.09922804272168137,0.057874,75.2885275643074,71.45530414638935
141630,quick_3,100,799.3156856932418,435,0.2976841281650441,0.164141,83.75073234327397,81.35878797195342
141630,ext_bubble_4,100,250.0,240,0.15215,0.149884,4.166666666666667,1.5118358197005806
141630,ext_merge_4,100,116.09640474436813,113,0.06726045208864968,0.070507,2.740181189706309,-4.604575306494841
156498,ext_point_4,100,25.0,25,0.009095,0.010422,0.0,-12.732680867395894
156498,point,100,100.0,100,0.023375,0.023655,0.0,-1.1836820968082815
156498,quick,100,266.43856189774726,197,0.09507536034421506,0.066284,35.248000963323484,43.43636525287409
156498,quick_3,100,799.3156856932418,552,0.2852260810326452,0.176291,44.80356624877569,61.79276368767842
156498,ext_bubble_4,100,250.0,240,0.14461249999999998,0.129315,4.166666666666667,11.829640799597852
156498,ext_merge_4,100,116.09640474436813,104,0.062795255366176,0.057042,11.631158408046277,10.085998678475505
169208,ext_point_4,100,25.0,25,0.0138,0.012014,0.0,14.865989678708168
169208,point,100,100.0,100,0.024245,0.024013,0.0,0.9661433390246932
169208,quick,100,266.43856189774726,413,0.0862988446564942,0.136493,-35.48703101749461,-36.774160831328935
169208,quick_3,100,799.3156856932418,1030,0.25889653396948265,0.332427,-22.396535369588175,-22.119282137286483
169208,ext_bubble_4,100,250.0,240,0.1472375,0.13174,4.166666666666667,11.763701229694853
169208,ext_merge_4,100,116.09640474436813,112,0.06359871619901004,0.061917,3.6575042360429726,2.716081526898985
174463,ext_point_4,100,25.0,25,0.010950000000000001,0.0117,0.0,-6.410256410256402
174463,point,100,100.0,100,0.027569999999999997,0.026804,0.0,2.857782420534233
174463,quick,100,266.43856189774726,241,0.1000848066774587,0.08676,10.555419874583926,15.358237295365024
174463,quick_3,100,799.3156856932418,719,0.3002544200323761,0.246691,11.170470889185228,21.71275807888254
174463,ext_bubble_4,100,250.0,240,0.13726875,0.125139,4.166666666666667,9.6930213602474
174463,ext_merge_4,100,116.09640474436813,107,0.06371859519338267,0.059073,8.50131284520386,7.864159926502248
23849,ext_point_4,100,25.0,25,0.013305,0.012085,0.0,10.095159288374022
23849,point,100,100.0,100,0.025890000000000003,0.025486,0.0,1.5851840226006495
23849,quick,100,266.43856189774726,266,0.10249184598389059,0.100345,0.16487289388994855,2.1394648302263075
23849,quick_3,100,799.3156856932418,699,0.30747553795167176,0.258755,14.351314119204835,18.828829569156827
23849,ext_bubble_4,100,250.0,240,0.13976249999999998,0.128424,4.166666666666667,8.828957204260865
23849,ext_merge_4,100,116.09640474436813,110,0.06769031430305843,0.060775,5.542186131243754,11.37855088944208
258062,ext_point_4,100,25.0,25,0.01098,0.01041,0.0,5.475504322766564
258062,point,100,100.0,100,0.025915,0.025466,0.0,1.7631351606063044
258062,quick,100,266.43856189774726,394,0.08694881674023577,0.127327,-32.37599951833826,-31.712192433469905
258062,quick_3,100,799.3156856932418,1140,0.2608464502207073,0.365721,-29.88458897427704,-28.676108229850822
258062,ext_bubble_4,100,250.0,240,0.14244375,0.128516,4.166666666666667,10.83736655358089
258062,ext_merge_4,100,116.09640474436813,111,0.06605304947930825,0.062855,4.591355625556873,5.087979443653257
324585,ext_point_4,100,25.0,25,0.009349999999999999,0.009274,0.0,0.8194953633814933
324585,point,100,100.0,100,0.02282,0.022605,0.0,0.9511170095111697
324585,quick,100,266.43856189774726,334,0.08635273791105989,0.106217,-20.227975479716388,-18.70158457585896
324585,quick_3,100,799.3156856932418,605,0.25905821373317967,0.198867,32.11829515590774,30.267069817103735
324585,ext_bubble_4,100,250.0,240,0.128475,0.118144,4.166666666666667,8.74441359696642
324585,ext_merge_4,100,116.09640474436813,108,0.058854766868302835,0.057246,7.49667105960012,2.810269483112946
330975,ext_point_4,100,25.0,25,0.009604999999999999,0.010342,0.0,-7.126281183523511
330975,point,100,100.0,100,0.029855,0.03063,0.0,-2.5301991511589987
330975,quick,100,266.43856189774726,243,0.08786287361724462,0.08653,9.645498723352784,1.5403601262505822
330975,quick_3,100,799.3156856932418,900,0.26358862085173385,0.33193,-11.187146034084245,-20.58909382950205
330975,ext_bubble_4,100,250.0,240,0.15066249999999998,0.149314,4.166666666666667,0.903130315978391
330975,ext_merge_4,100,116.09640474436813,108,0.06746942561718954,0.066609,7.49667105960012,1.2917557945465832
332593,ext_point_4,100,25.0,25,0.011535,0.011057,0.0,4.323053269422078
332593,point,100,100.0,100,0.029290000000000004,0.027626,0.0,6.023311373343959
332593,quick,100,266.43856189774726,196,0.10341715302538416,0.07308,35.93804178456493,41.51225099258916
332593,quick_3,100,799.3156856932418,549,0.3102514590761525,0.190392,45.594842567075005,62.95404170141207
332593,ext_bubble_4,100,250.0,240,0.15601250000000003,0.144998,4.166666666666667,7.596311673264486
332593,ext_merge_4,100,116.09640474436813,112,0.07807788735913347,0.069791,3.6575042360429726,11.873862473862626
336901,ext_point_4,100,25.0,25,0.01143,0.011685,0.0,-2.182284980744545
336901,point,100,100.0,100,0.0226,0.022744,0.0,-0.6331340133661703
336901,quick,100,266.43856189774726,230,0.10688285386898091,0.086824,15.842852999020549,23.102890754838427
336901,quick_3,100,799.3156856932418,639,0.3206485616069428,0.228908,25.0885267125574,40.07748161136473
336901,ext_bubble_4,100,250.0,240,0.13790625,0.14027,4.166666666666667,-1.6851429386183772
336901,ext_merge_4,100,116.09640474436813,109,0.06744648275625197,0.06419,6.510463068227642,5.073193264140784
390360,ext_point_4,100,25.0,25,0.011655,0.012105,0.0,-3.7174721189591
390360,point,100,100.0,100,0.028059999999999998,0.027369,0.0,2.524754284043981
390360,quick,100,266.43856189774726,250,0.0935199352261093,0.085608,6.5754247590989054,9.242051240665933
390360,quick_3,100,799.3156856932418,734,0.2805598056783279,0.24508,8.898594781095612,14.476826211166923
390360,ext_bubble_4,100,250.0,240,0.14585625,0.125212,4.166666666666667,16.48743730632847
390360,ext_merge_4,100,116.09640474436813,110,0.06359761051896487,0.06233,5.542186131243754,2.033708517511417
405163,ext_point_4,100,25.0,25,0.01421,0.013082,0.0,8.62253478061459
405163,point,100,100.0,100,0.025695000000000003,0.025342,0.0,1.392944518980359
405163,quick,100,266.43856189774726,264,0.10456362054534925,0.100964,0.92369768854063,3.5652515206898
405163,quick_3,100,799.3156856932418,770,0.31369086163604776,0.286654,3.8072319082132196,9.431880118905626
405163,ext_bubble_4,100,250.0,240,0.16248125,0.14863,4.166666666666667,9.319282782749095
405163,ext_merge_4,100,116.09640474436813,109,0.07433225072185465,0.067497,6.510463068227642,10.126747443374738
42255,ext_point_4,100,25.0,25,0.011770000000000001,0.011969,0.0,-1.6626284568468503
42255,point,100,100.0,100,0.02406,0.024065,0.0,-0.020777062123407693
42255,quick,100,266.43856189774726,197,0.10480471848315344,0.076909,35.248000963323484,36.27107163420852
42255,quick_3,100,799.3156856932418,497,0.31441415544946033,0.186286,60.82810577328809,68.78034605362738
42255,ext_bubble_4,100,250.0,240,0.149225,0.143548,4.166666666666667,3.9547747095048256
42255,ext_merge_4,100,116.09640474436813,109,0.06968364204767517,0.065552,6.510463068227642,6.30284666779835
47210,ext_point_4,100,25.0,25,0.010349999999999998,0.010285,0.0,0.6319883325230661
47210,point,100,100.0,100,0.026225,0.026107,0.0,0.4519860573792338
47210,quick,100,266.43856189774726,170,0.08255274793502093,0.050436,56.72856582220427,63.67822177615379
47210,quick_3,100,799.3156856932418,462,0.2476582438050628,0.139346,73.01205318035535,77.7289938750038
47210,ext_bubble_4,100,250.0,240,0.13566875,0.130392,4.166666666666667,4.046835695441436
47210,ext_merge_4,100,116.09640474436813,109,0.06417228772244948,0.060268,6.510463068227642,6.478210198529039
555530,ext_point_4,100,25.0,25,0.01031,0.009891,0.0,4.236174299868559
555530,point,100,100.0,100,0.028175000000000002,0.028436,0.0,-0.9178506119003986
555530,quick,100,266.43856189774726,317,0.08724863757544107,0.105316,-15.949980473896764,-17.155382301415674
555530,quick_3,100,799.3156856932418,808,0.2617459127263232,0.266145,-1.0747913745987885,-1.6528911960310457
555530,ext_bubble_4,100,250.0,240,0.13295625,0.130809,4.166666666666667,1.6415154920532908
555530,ext_merge_4,100,116.09640474436813,112,0.06250049949413058,0.061072,3.6575042360429726,2.339041613391707
583468,ext_point_4,100,25.0,25,0.008975,0.009535,0.0,-5.8730991085474535
583468,point,100,100.0,100,0.02585,0.026278,0.0,-1.6287388690158986
583468,quick,100,266.43856189774726,164,0.09085179695133043,0.057216,62.462537742528816,58.78739679692818
583468,quick_3,100,799.3156856932418,448,0.2725553908539913,0.148183,78.41867984224146,83.9316189130948
583468,ext_bubble_4,100,250.0,240,0.1395875,0.127331,4.166666666666667,9.625699947381237
583468,ext_merge_4,100,116.09640474436813,110,0.06735526415252424,0.057723,5.542186131243754,16.687047022026306
640502,ext_point_4,100,25.0,25,0.011260000000000001,0.010628,0.0,5.946556266465945
640502,point,100,100.0,100,0.028540000000000003,0.027557,0.0,3.5671517218855504
640502,quick,100,266.43856189774726,151,0.10309425207332013,0.051357,76.44937874022997,100.74040943458559
640502,quick_3,100,799.3156856932418,441,0.3092827562199604,0.145307,81.2507223794199,112.8478023907729
640502,ext_bubble_4,100,250.0,240,0.1518,0.134443,4.166666666666667,12.910303995001586
640502,ext_merge_4,100,116.09640474436813,112,0.06912379938479678,0.06459,3.6575042360429726,7.019351888522656
67316,ext_point_4,100,25.0,25,0.011019999999999999,0.011103,0.0,-0.7475457083671213
67316,point,100,100.0,100,0.024659999999999998,0.024779,0.0,-0.48024536906251686
67316,quick,100,266.43856189774726,161,0.10399302023608999,0.064012,65.48978999860078,62.45863312517963
67316,quick_3,100,799.3156856932418,390,0.31197906070827,0.146683,104.95273992134405,112.68931008247033
67316,ext_bubble_4,100,250.0,240,0.1566625,0.143215,4.166666666666667,9.389728729532521
67316,ext_merge_4,100,116.09640474436813,108,0.0678064107078028,0.063915,7.49667105960012,6.088415407655168
673670,ext_point_4,100,25.0,25,0.014345,0.013388,0.0,7.148192411114427
673670,point,100,100.0,100,0.027665,0.028132,0.0,-1.6600312811033773
673670,quick,100,266.43856189774726,305,0.09061248284890931,0.115097,-12.643094459754996,-21.272941215749057
673670,quick_3,100,799.3156856932418,791,0.2718374485467279,0.269579,1.051287698260656,0.8377687233530464
673670,ext_bubble_4,100,250.0,240,0.16018749999999998,0.139316,4.166666666666667,14.98140917051881
673670,ext_merge_4,100,116.09640474436813,108,0.07038667027640497,0.062914,7.49667105960012,11.877595251303317
701453,ext_point_4,100,25.0,25,0.01149,0.010172,0.0,12.957137239480925
701453,point,100,100.0,100,0.027045,0.02695,0.0,0.352504638218916
701453,quick,100,266.43856189774726,120,0.08815668370367345,0.039635,122.03213491478938,122.42130365503586
701453,quick_3,100,799.3156856932418,355,0.26447005111102034,0.112902,125.15934808260332,134.24744567059957
701453,ext_bubble_4,100,250.0,240,0.12473749999999999,0.119702,4.166666666666667,4.206696629964398
701453,ext_merge_4,100,116.09640474436813,108,0.05826298072096116,0.05569,7.49667105960012,4.620184451357792
730539,ext_point_4,100,25.0,25,0.009825,0.009988,0.0,-1.6319583500200234
730539,point,100,100.0,100,0.023739999999999997,0.02399,0.0,-1.0421008753647507
730539,quick,100,266.43856189774726,241,0.09513609545025221,0.085398,10.555419874583926,11.403189126504383
730539,quick_3,100,799.3156856932418,687,0.28540828635075666,0.237913,16.348716985915836,19.963300177273474
730539,ext_bubble_4,100,250.0,240,0.129425,0.125242,4.166666666666667,3.339933887992862
730539,ext_merge_4,100,116.09640474436813,109,0.05759603742739021,0.057853,6.510463068227642,-0.4441646459298435
768208,ext_point_4,100,25.0,25,0.010889999999999999,0.010638,0.0,2.3688663282571794
768208,point,100,100.0,100,0.02517,0.025713,0.0,-2.111772255279424
768208,quick,100,266.43856189774726,389,0.09841310056127903,0.136517,-31.50679642731433,-27.911468490166772
768208,quick_3,100,799.3156856932418,799,0.29523930168383705,0.270865,0.03951009927932284,8.99869000566224
768208,ext_bubble_4,100,250.0,240,0.11480625,0.115688,4.166666666666667,-0.7621793098679212
768208,ext_merge_4,100,116.09640474436813,110,0.05208213712837626,0.053668,5.542186131243754,-2.9549505694710794
877809,ext_point_4,100,25.0,25,0.00966,0.01006,0.0,-3.976143141153075
877809,point,100,100.0,100,0.023809999999999998,0.024723,0.0,-3.69291752619019
877809,quick,100,266.43856189774726,207,0.0832693170992796,0.06274,28.71428111002283,32.72125772916734
877809,quick_3,100,799.3156856932418,592,0.24980795129783878,0.174129,35.01954150223679,43.46142876708577
877809,ext_bubble_4,100,250.0,240,0.12681875,0.116981,4.166666666666667,8.4096990109505
877809,ext_merge_4,100,116.09640474436813,106,0.05847592596861068,0.055572,9.524910136196349,5.225519989582306
911232,ext_point_4,100,25.0,25,0.0126,0.012942,0.0,-2.6425591098748282
911232,point,100,100.0,100,0.02822,0.027662,0.0,2.0172077217843953
911232,quick,100,266.43856189774726,193,0.10475929252085711,0.075563,38.05106834080169,38.63834485245041
911232,quick_3,100,799.3156856932418,555,0.3142778775625713,0.205405,44.020844269052574,53.004005531789055
911232,ext_bubble_4,100,250.0,240,0.14303125,0.137991,4.166666666666667,3.652593285069313
911232,ext_merge_4,100,116.09640474436813,108,0.06633168085069473,0.062838,7.49667105960012,5.559821844576088
914916,ext_point_4,100,25.0,25,0.01522,0.013275,0.0,14.65160075329566
914916,point,100,100.0,100,0.02852,0.028267,0.0,0.8950366151342546
914916,quick,100,266.43856189774726,198,0.0972258534052325,0.071953,34.5649302513875,35.12411352581893
914916,quick_3,100,799.3156856932418,605,0.2916775602156975,0.20821,32.11829515590774,40.088161094902986
914916,ext_bubble_4,100,250.0,240,0.16498125000000002,0.146042,4.166666666666667,12.96835841744157
914916,ext_merge_4,100,116.09640474436813,109,0.07182497573518241,0.068192,6.510463068227642,5.327568827989223
938400,ext_point_4,100,25.0,25,0.010785,0.010864,0.0,-0.7271723122238672
938400,point,100,100.0,100,0.02626,0.024431,0.0,7.486390241905764
938400,quick,100,266.43856189774726,228,0.09470053368141483,0.075297,16.85901837620494,25.76933168840037
938400,quick_3,100,799.3156856932418,630,0.2841016010442445,0.197433,26.875505665593934,43.89772785919501
938400,ext_bubble_4,100,250.0,240,0.13852499999999998,0.123921,4.166666666666667,11.784927494129306
938400,ext_merge_4,100,116.09640474436813,110,0.06322976822603797,0.057701,5.542186131243754,9.581754607438294
940547,ext_point_4,100,25.0,25,0.00908,0.010909,0.0,-16.765973049775422
940547,point,100,100.0,100,0.025140000000000003,0.026092,0.0,-3.648627931933152
940547,quick,100,266.43856189774726,152,0.08214927777570835,0.045949,75.2885275643074,78.7836030723375
940547,quick_3,100,799.3156856932418,435,0.24644783332712505,0.131672,83.75073234327397,87.16798812741132
940547,ext_bubble_4,100,250.0,240,0.13410625,0.127701,4.166666666666667,5.0158182003273275
940547,ext_merge_4,100,116.09640474436813,110,0.06221606330250688,0.059863,5.542186131243754,3.9307473773564356
997622,ext_point_4,100,25.0,25,0.011705,0.010849,0.0,7.890128122407604
997622,point,100,100.0,100,0.023385,0.022662,0.0,3.190362721736819
997622,quick,100,266.43856189774726,276,0.08615781706840839,0.08454,-3.4642891674828755,1.9136705327754715
997622,quick_3,100,799.3156856932418,781,0.25847345120522514,0.232252,2.345158219365146,11.290086287836122
997622,ext_bubble_4,100,250.0,240,0.1328875,0.116017,4.166666666666667,14.541403415016763
997622,ext_merge_4,100,116.09640474436813,108,0.06306937187737799,0.054536,7.49667105960012,15.647227294590706
